,age,sex,bmi,children,smoker,charges,r_northeast,r_northwest,r_southeast,r_southwest
888,22,0,39.5,0,0,1682.597,0,0,0,1
889,57,0,33.63,1,0,11945.1327,0,1,0,0
890,64,1,26.885,0,1,29330.98315,0,1,0,0
891,36,1,29.04,4,0,7243.8136,0,0,1,0
892,54,0,24.035,0,0,10422.91665,1,0,0,0
893,47,0,38.94,2,1,44202.6536,0,0,1,0
